,nonverbal38k,vaani,nonverbaltts,audioset,openslr99,dnc,demand,inline,total
animal,0,1577,0,15820,0,0,0,False,17397
applause,0,0,0,10157,0,0,0,False,10157
baby_cry,0,1620,0,1576,0,0,0,False,3196
beep,0,1039,0,8435,0,0,0,False,9474
bell,0,668,0,4934,0,0,0,False,5602
bird,0,17694,0,37443,0,0,0,False,55137
breath,2162,35663,6121,27232,44,0,0,True,71222
burp,0,0,0,765,0,0,0,True,765
buzzer,0,76,0,839,0,0,0,False,915
cheer,0,0,0,3118,0,0,0,False,3118
chew,0,0,0,1730,0,0,0,True,1730
child_voice,0,3165,0,11447,0,0,0,False,14612
construction,0,0,0,5400,0,0,0,False,5400
cough,5940,202,272,1818,50,0,0,True,8282
crowd,0,0,0,3130,0,0,0,False,3130
cry,753,0,0,1234,24,0,0,True,2011
dishes,0,0,0,3654,0,0,0,False,3654
dog_bark,0,2005,0,10429,0,0,0,False,12434
door,0,0,0,895,0,0,0,False,895
explosion,0,0,0,2505,0,0,0,False,2505
fan,0,599,0,452,0,0,0,False,1051
footsteps,0,0,0,12490,0,0,0,False,12490
gasp,578,1,0,1166,0,0,0,True,1745
glass_break,0,0,0,1159,0,0,0,False,1159
groan,0,0,148,901,45,0,0,True,1094
gunshot,0,0,0,5074,0,0,0,False,5074
hiccup,0,0,0,608,0,0,0,True,608
horn,0,15739,0,3794,0,0,0,False,19533
insect,0,3324,0,4561,0,0,0,False,7885
knock,0,0,0,431,0,0,0,False,431
laugh,6912,99,1278,14489,25,0,0,True,22803
lip_smack,0,1437,0,0,99,0,0,True,1536
machine,0,156,0,7379,0,853,1,False,8389
music,0,6872,0,51454,0,229,0,False,58555
nose_blow,0,97,0,0,48,0,0,True,145
phone_ring,0,1548,0,1409,0,0,0,False,2957
phone_vibrate,0,231,0,176,0,0,0,False,407
rain,0,0,0,1711,0,0,0,False,1711
scream,0,0,0,1330,51,0,0,True,1381
shout,0,0,0,6244,0,0,0,True,6244
sigh,9783,0,147,206,51,0,0,True,10187
siren,0,129,0,6023,0,0,0,False,6152
sneeze,0,87,18,440,52,0,0,True,597
sniff,7321,32,407,473,0,0,0,True,8233
snore,91,12,15,1101,0,0,0,True,1219
throat_clear,4909,96,214,278,54,0,0,True,5551
thunder,0,0,0,728,0,0,0,False,728
tv_speaker,0,156,0,1804,0,1100,0,False,3060
vehicle,0,4854,0,25450,0,692,4,False,31000
water,0,0,0,10053,0,0,0,False,10053
whisper,0,0,0,1470,0,0,0,True,1470
whistle,0,106,0,4061,0,0,0,False,4167
wind,0,0,0,25079,0,0,0,False,25079
yawn,269,36,0,19,48,0,0,True,372
